[
  {
    "id": "3616",
    "title": "Kubo và Sứ Mệnh Samurai - Kubo and the Two Strings",
    "thumb": "https://images2-focus-opensocial.googleusercontent.com/gadgets/proxy?container=focus&gadget=a&no_expand=1&refresh=604800&url=http://image.phimmoi.net/film/3616/poster.thumb.jpg%3F_iv%3D1480624206",
    "url": "phim/kubo-va-cay-dan-shamisen-3616/"
  },
  {
    "id": "3616",
    "title": "Tom & Jerry: Quá Nhanh Quá Nguy Hiểm",
    "thumb": "https://images2-focus-opensocial.googleusercontent.com/gadgets/proxy?container=focus&gadget=a&no_expand=1&refresh=604800&url=http://image.phimmoi.net/film/2902/poster.thumb.jpg%3F_iv%3D1457628138",
    "url": "phim/tom-jerry-qua-nhanh-qua-nguy-hiem-2902/"
  }
]


